,,,,,,,,,,,,,,,,,,,,,,,,,Supplemental (just get from EPA),,,,,,,,,,,,,,,,,,,,,,,,,,,,,,,,,,,,,,,,,,,,,,,,,,,,,,,,,,,,,,,,,,,,,,,,,,,,,,,,,,,,,,,,,,,,
County,Florida,,County_Name,Niche_Rank,Count_Person,Median_Income_Person,Median_Age_Person,Death,Prevalence: Obesity (Percent),Prevalence: Physical Inactivity (Percent),Prevalence: Sleep Less Than 7 Hours (Percent),Prevalence: Diabetes (Percent),Smoking,Obesity,Physical Inactivity,Excessive Drinking,Percent of People With Dental Care,Count of People With Educational Attainment Less Than High School,Count of People With Educational Attainment of Bachelors Degree or Higher,Std Deviation of Cohort Scale Achievement of Student,Unemployment Rate,"Count of Household: Family Household, Below Poverty Level in The Past 12 Months",Gender Income Inequality,Lifetime Cancer Risk,Air Quality Index,Palmer Drought Severity Index,Standardized Precipitation Evapotranspiration Index,Standardized Precipitation Index,Prevalence: Sleep Less Than 7 Hours,Count of Housing Unit,Count of Housing Unit: Vacant Housing Unit,Count of Housing Unit: Occupied Housing Unit,Count of People With Health Insurance,Population Without Health Insurance,Reading Scores,Math Scores,Single-Parent Households,Social Associations,Drinking Water Violations,Housing Problems,Driving to Work,Long Commute,Public Transportation,Primary Care,Poor or Fair Health,Poor Physical Health Days,Food Environment Index,Access to Exercise Oppurtunities,STI/STD,Preventative Hospital Stays,Mammography Screening,,,"Count of Housing Unit: With Mortgage, 0 USD","Count of Housing Unit: Without Mortgage, 0 USD","Count of Housing Unit: With Mortgage, 800 USD or Less","Count of Housing Unit: Without Mortgage, 800 USD or Less","Count of Housing Unit: With Mortgage, 800 - 1,499 USD","Count of Housing Unit: Without Mortgage, 800 - 1,499 USD","Count of Housing Unit: With Mortgage, 1,500 - 1,999 USD","Count of Housing Unit: Without Mortgage, 1,500 - 1,999 USD","Count of Housing Unit: With Mortgage, 2,000 - 2,999 USD","Count of Housing Unit: Without Mortgage, 2,000 - 2,999 USD","Count of Housing Unit: With Mortgage, 3,000 USD or More","Count of Housing Unit: Without Mortgage, 3,000 USD or More",Count of Housing Unit: 100 USD or Less,Count of Housing Unit: 100 - 149 USD,Count of Housing Unit: 150 - 199 USD,Count of Housing Unit: 200 - 249 USD,Count of Housing Unit: 250 - 299 USD,Count of Housing Unit: 300 - 349 USD,Count of Housing Unit: 350 - 399 USD,Count of Housing Unit: 400 - 449 USD,Count of Housing Unit: 450 - 499 USD,Count of Housing Unit: 500 - 549 USD,Count of Housing Unit: 550 - 599 USD,Count of Housing Unit: 600 - 649 USD,Count of Housing Unit: 650 - 699 USD,Count of Housing Unit: 700 - 749 USD,Count of Housing Unit: 750 - 799 USD,Count of Housing Unit: 800 - 899 USD,Count of Housing Unit: 900 - 999 USD,"Count of Housing Unit: 1,000 - 1,249 USD","Count of Housing Unit: 1,250 - 1,499 USD","Count of Housing Unit: 1,500 - 1,999 USD","Count of Housing Unit: 2,000 - 2,499 USD","Count of Housing Unit: 2,500 - 2,999 USD","Count of Housing Unit: 3,000 - 3,499 USD","Count of Housing Unit: 3,500 USD or More",Median Gross Rent of Housing Unit: With Cash Rent,"Count of Housing Unit: 10,000 USD or Less","Count of Housing Unit: 10,000 - 14,999 USD","Count of Housing Unit: 15,000 - 19,999 USD","Count of Housing Unit: 20,000 - 24,999 USD","Count of Housing Unit: 25,000 - 29,999 USD","Count of Housing Unit: 30,000 - 34,999 USD","Count of Housing Unit: 35,000 - 39,999 USD","Count of Housing Unit: 40,000 - 49,999 USD","Count of Housing Unit: 50,000 - 59,999 USD","Count of Housing Unit: 60,000 - 69,999 USD","Count of Housing Unit: 70,000 - 79,999 USD","Count of Housing Unit: 80,000 - 89,999 USD","Count of Housing Unit: 90,000 - 99,999 USD","Count of Housing Unit: 100,000 - 124,999 USD","Count of Housing Unit: 125,000 - 149,999 USD","Count of Housing Unit: 150,000 - 174,999 USD","Count of Housing Unit: 175,000 - 199,999 USD","Count of Housing Unit: 200,000 - 249,999 USD","Count of Housing Unit: 250,000 - 299,999 USD","Count of Housing Unit: 300,000 - 399,999 USD","Count of Housing Unit: 400,000 - 499,999 USD","Count of Housing Unit: 400,000 - 499,999 USD","Count of Housing Unit: 750,000 - 999,999 USD","Count of Housing Unit: 1,000,000 - 1,499,999 USD","Count of Housing Unit: 1,500,000 - 1,999,999 USD","Count of Housing Unit: 2,000,000 USD or More",
,geoId/12,geoId/12001,Alachua County,3,279238,28515,32.1,1940,31.9,24.5,32.9,10.5,16.4,31.9,24.5,15.6,56.6,11583,76720,1.022042209,3.3,4868.548,0.10396492,38.00717799,31,-2.76,-0.2,0.1512104173,32.9,121832,16829,105003,251373,22470,,,,,,,,,,,,,,,,,,,,809,1174,2621,3925,5919,5453,3757,2782,6691,4467,12843,7443,35,64,33,267,338,274,220,207,299,835,817,1206,1532,1709,2024,4957,4335,10598,5854,6290,2231,570,107,479,1082,421,371,303,230,256,124,366,670,941,1062,1393,1390,1522,4165,3984,5713,4175,8582,6624,7768,3548,3548,557,535,109,177,#ERROR!
,,geoId/12003,Baker County,55,28715,31469,37,270,38,29.4,37.7,10.4,24.8,38,29.4,17.1,51,2687,2878,0.8461707782,3.1,642.09,0.19120074,35.39619946,29,-2.76,0.15,0.5170564927,37.7,9772,1240,8532,22089,2759,,,,,,,,,,,,,,,,,,,,97,371,946,1295,975,491,683,173,638,230,379,268,0,11,0,0,40,11,41,15,7,2,16,152,151,268,3,285,231,231,232,80,0,0,0,75,873,48,60,79,110,37,108,74,300,374,221,150,189,231,528,253,573,732,774,541,786,185,185,23,0,78,0,
,,geoId/12005,Bay County,28,179168,31505,40.8,2060,31.1,27.2,35,10.2,20.8,31.1,27.2,16.7,55.5,12820,33073,0.8712117196,2.9,4367.272,0.22289996,32.57691934,31,-1.72,1.91,-1.568478245,35,102883,30002,72881,151780,24804,,,,,,,,,,,,,,,,,,,,1462,2318,5784,7780,7234,4506,4193,2198,5127,2612,3707,2457,0,8,0,136,118,104,105,60,93,194,451,313,606,594,710,1639,2186,5141,3797,4717,1019,159,225,100,1191,925,352,258,254,371,355,218,864,869,752,1135,1429,1083,3286,3034,5134,2988,6977,6491,6918,3054,3054,652,252,55,172,
,,geoId/12007,Bradford County,62,28540,26265,39.1,344,38.3,32.5,40,12.3,26.1,38.3,32.5,16,45.1,3665,2396,0.8283790623,3.4,681.174,0.09162393,34.754547,,-2.76,-0.07,0.7193699655,40,10753,1786,8967,21212,2863,,,,,,,,,,,,,,,,,,,,99,286,794,1750,970,856,207,153,350,134,275,168,0,0,161,9,9,7,33,164,49,92,127,22,138,145,224,296,301,542,159,127,2,0,19,0,845,28,176,37,225,112,77,63,60,127,258,624,305,305,578,484,753,366,426,234,417,202,202,24,32,0,0,
,,geoId/12009,Brevard County,7,616628,31695,47,7611,33,23.7,34.6,9.6,16.8,33,23.7,16.4,60.7,33648,141951,0.8657219557,3.2,11007.792,0.23353947,28.77996425,36,-2.05,-0.68,0.8940638179,34.6,286497,43840,242657,535347,61081,,,,,,,,,,,,,,,,,,,,2727,4865,13977,17217,25609,17868,14127,9090,21048,13310,28233,16783,14,59,124,317,301,247,294,468,494,515,846,615,778,1593,1525,4276,5176,13457,8914,10775,2971,839,457,154,1185,2068,1288,980,954,1018,933,601,1569,1917,2013,2702,3382,3150,9856,10766,15617,14514,26920,24769,27699,14687,14687,3267,1439,395,539,
,,geoId/12011,Broward County,18,1930983,32956,40.7,15443,30.6,26.9,37.8,10.7,15.8,30.6,26.9,14.5,59.6,137900,471290,0.9393758297,3,43607.728,0.15471392,30.21106186,6,-2.33,0.18,-0.1483260741,37.8,854965,122501,732464,1649033,273943,,,,,,,,,,,,,,,,,,,,7871,9728,16878,28647,32902,33501,23490,15282,41783,27823,151697,69637,59,244,366,1327,979,726,869,572,717,734,901,1122,1315,1301,2752,6838,11463,45937,54288,77712,36509,11696,4220,3406,1503,4055,2040,1994,1832,1520,2077,2016,3571,4966,7236,7025,7366,6090,18926,15859,25038,20631,48785,48884,89898,58655,58655,15047,8257,2736,3892,
,,geoId/12013,Calhoun County,41,13641,23546,41.7,187,37.1,31,39.3,11.6,25.6,37.1,31,16.7,46.4,2267,1017,0.8173862657,3.6,274.417,0.22244134,38.89219206,,-1.72,1.85,-1.052130469,39.3,5704,1209,4495,9784,2205,,,,,,,,,,,,,,,,,,,,35,407,540,1319,379,244,92,153,108,106,60,122,0,0,0,37,0,80,0,57,50,101,62,72,1,24,29,37,47,36,20,34,0,2,0,0,566,68,45,65,133,215,69,112,300,174,193,142,138,73,442,121,433,153,368,11,89,67,67,11,6,0,23,
,,geoId/12015,Charlotte County,40,194843,29711,59.7,2741,30,25.6,34.4,8.6,19.7,30,25.6,16.9,60.5,12677,37650,0.8561522566,3.6,4086.064,0.17552013,30.16036754,,-2.12,-3.06,-0.390271499,34.4,108667,25912,82755,162622,18901,,,,,,,,,,,,,,,,,,,,579,1646,2308,3862,6577,8731,5482,5053,6577,6654,9679,10788,0,25,14,84,159,219,49,204,150,72,224,482,139,580,521,1191,1742,2856,1832,2164,621,95,165,260,1094,695,401,471,161,325,337,146,703,550,1034,931,1511,1844,4209,3888,6220,5162,10072,9756,8908,4663,4663,1468,454,92,223,
,,geoId/12017,Citrus County,52,158083,26736,56.8,2584,31.6,27.1,38,9.2,23.4,31.6,27.1,18,52.9,12231,23478,0.8296372715,4.6,4283.358,0.21205337,33.79094785,27,-2.76,-2.1,-0.4354656369,38,81099,15256,65843,132826,16857,,,,,,,,,,,,,,,,,,,,789,2713,7982,11804,6456,6886,2905,3159,3844,3944,2107,2516,0,18,33,105,87,34,186,178,226,179,322,503,625,514,615,1117,1061,2314,865,678,110,7,0,0,914,665,287,824,615,469,944,509,1446,1917,1579,2136,2115,1878,5142,5026,5706,3586,6047,4895,5543,2083,2083,218,63,0,132,
,,geoId/12019,Clay County,10,222361,35337,39.9,1827,35.2,25.2,38.8,9.6,19.6,35.2,25.2,16.2,55.5,12043,39934,0.8343670632,3.1,4254.48,0.2225824,34.59227782,,-2.76,-0.24,0.6404437354,38.8,84159,6725,77434,193631,19541,,,,,,,,,,,,,,,,,,,,1704,1146,4775,4566,9450,5136,6115,2835,7092,2292,10155,3759,0,0,0,47,108,16,17,35,53,216,64,127,270,376,295,1529,1050,4322,3848,3710,792,121,147,0,1253,486,248,177,333,417,150,460,484,890,845,921,988,842,3473,3811,6927,5305,11318,7965,7548,3004,3004,772,53,45,93,
,,geoId/12021,Collier County,26,385980,35697,51.5,3519,27.2,24.9,31.6,9.4,15.2,27.2,24.9,16.8,61.7,30001,107989,0.9090865817,3.1,7241.78,0.22083223,28.27754202,34,-2.1,-1.33,-0.3204654543,31.6,225093,71382,153711,326150,44955,,,,,,,,,,,,,,,,,,,,1295,2639,3995,5998,8862,8572,6080,5986,10593,8267,22998,28061,68,48,148,294,139,90,194,261,177,450,275,343,317,342,395,1380,1699,6755,7681,10342,3405,1441,665,1488,1440,928,198,320,249,286,380,402,476,591,612,479,412,420,2019,2284,4955,4301,10642,10641,21521,12077,12077,8482,5565,2564,5536,
,,geoId/12023,Columbia County,35,70385,26967,40.3,853,34.3,29.9,37.5,11,23.6,34.3,29.9,16,47.9,6451,7348,0.8316250258,3.6,1515.844,0.17275944,36.9433764,27,-2.76,-0.08,0.4733381213,37.5,29631,3903,25728,55384,9045,,,,,,,,,,,,,,,,,,,,420,985,1749,2324,2974,2976,1213,1305,1713,853,1166,763,0,0,19,154,73,66,100,105,99,257,234,331,511,600,276,1169,1004,812,409,170,35,0,11,0,834,261,170,247,283,256,269,125,274,728,919,1132,745,592,1866,1206,2547,1312,1856,1171,1350,477,477,106,12,0,35,
,,geoId/12027,DeSoto County,66,34408,23121,40.9,377,41.6,38.3,35.7,13.8,24.7,41.6,38.3,15,44.8,6215,3141,0.822837604,3.6,1394.68,0.19115344,34.57140598,,-1.5,-2.04,-0.5533259925,35.7,15453,3246,12207,26479,5785,,,,,,,,,,,,,,,,,,,,307,1271,603,1373,1022,1532,316,581,320,572,307,445,6,49,8,31,63,79,59,13,51,32,343,133,285,163,350,370,388,580,61,53,7,11,12,0,787,212,154,218,201,169,241,214,398,259,398,507,784,83,962,752,847,305,450,473,396,273,273,7,56,7,107,
,,geoId/12029,Dixie County,43,17102,23277,45.5,241,38.5,32.1,38.5,11.2,26.7,38.5,32.1,17.2,44.3,2382,1353,0.771790484,4.1,423.415,0.16272025,32.78601592,,-2.76,0.2,-0.6658792559,38.5,9287,3216,6071,12903,2251,,,,,,,,,,,,,,,,,,,,10,136,742,2522,534,822,84,88,91,80,38,63,0,0,0,11,0,16,30,139,53,23,33,0,22,43,29,111,38,37,0,0,0,0,0,0,581,209,87,173,203,206,89,169,223,419,155,338,727,190,454,252,464,142,164,191,200,50,50,52,0,0,0,
,,geoId/12031,Duval County,12,999935,33050,36.5,8562,34.6,27.8,36.2,11.3,18.5,34.6,27.8,16,56.4,64073,212489,0.9063855963,3.2,25046.025,0.15397063,34.89011607,5,-2.76,0.1,0.4058157496,36.2,429495,42487,387008,845507,114640,,,,,,,,,,,,,,,,,,,,6154,5444,19647,18297,30924,16819,19115,7532,30526,10553,40025,16413,554,156,507,1862,1831,939,941,1024,1023,1689,1937,1835,2518,4296,5147,12477,15461,41865,27006,28616,6292,1090,419,510,1154,2421,1125,1608,1156,1556,1410,909,2598,3759,4164,4389,5406,5270,14323,15020,20653,17536,33020,26615,28100,12259,12259,3862,2440,724,1025,
,,geoId/12033,Escambia County,17,322390,29522,37.5,3409,35.4,25.3,36.5,10.2,19.7,35.4,25.3,15.2,56.2,20274,59065,0.8982912718,3.3,8279.712,0.17390724,34.66603397,36,-1.72,1.18,-0.6245269547,36.5,144698,20204,124494,267904,35035,,,,,,,,,,,,,,,,,,,,2532,2260,11470,13295,12992,7466,6118,2980,7401,2625,5826,3252,135,78,267,271,209,506,594,275,312,737,647,1105,888,1521,2090,4046,4532,12541,7153,4651,900,283,188,135,1076,943,432,512,710,466,695,667,1500,1939,2502,2717,2988,2711,7086,5789,8521,6612,10470,5609,7260,3635,3635,1008,527,152,232,
,,geoId/12035,Flagler County,29,120932,30712,52,1340,32.6,23.3,36.2,9.5,19.4,32.6,23.3,16.9,54.8,6736,23877,0.8626118398,3.9,2591.279,0.21022071,28.59953825,32,-2.76,-1.03,0.8648095691,36.2,54554,9063,45491,99524,13836,,,,,,,,,,,,,,,,,,,,641,749,1598,1754,4332,3192,3140,2236,5127,3280,5110,4459,0,0,6,59,33,92,42,23,100,87,83,97,65,50,64,299,394,1335,2788,3221,422,57,33,14,1416,310,72,67,128,96,144,41,123,230,273,127,211,458,1078,1314,2725,3686,7154,5905,5704,2332,2332,807,355,82,64,
,,geoId/12037,Franklin County,57,12572,25880,47.2,115,38.4,29.3,35.8,11.2,23.4,38.4,29.3,16.2,47.9,2026,2026,0.8474837083,2.9,360.99,0.15480361,27.6647502,,-1.72,0.06,-0.2276886279,35.8,8375,3816,4559,8703,1962,,,,,,,,,,,,,,,,,,,,68,304,330,878,322,327,153,118,125,333,253,356,0,0,0,24,5,51,4,47,21,23,28,18,37,16,41,66,63,97,99,81,5,20,0,21,904,39,4,0,83,24,48,27,50,84,151,171,151,78,238,90,277,286,240,241,498,314,314,62,57,10,33,
,,geoId/12039,Gadsden County,54,43714,26581,41.7,450,43,34.7,39.6,14.3,23,43,34.7,14.1,49,5987,6106,0.8206927541,3.9,1719.744,0.10997682,41.23801025,,-1.72,0.93,-0.06876681657,39.6,18709,2940,15769,35323,6003,,,,,,,,,,,,,,,,,,,,302,906,2124,3221,1423,1025,704,374,560,359,359,191,0,16,47,187,44,294,117,85,68,115,211,233,341,102,132,312,455,431,64,80,0,29,0,0,689,182,218,203,197,331,237,273,632,438,1063,732,756,298,959,680,925,879,812,711,508,333,333,0,11,0,59,
,,geoId/12041,Gilchrist County,45,18360,24971,42.2,213,36,29.1,36.5,10.4,24.5,36,29.1,17.4,49.6,1692,1548,0.7614850788,3.5,388.705,0.21932163,34.39595852,,-2.76,0.07,-0.4898899838,36.5,7479,820,6659,13951,2583,,,,,,,,,,,,,,,,,,,,125,206,941,1264,596,651,562,273,231,158,269,189,0,4,7,0,50,29,17,30,18,64,65,55,86,30,70,145,114,149,24,0,0,0,0,0,767,78,91,21,148,89,228,21,256,369,147,228,254,187,458,306,512,360,380,432,562,71,71,83,18,0,13,
,,geoId/12043,Glades County,50,12234,24346,47.9,115,40.1,33.1,36.9,12.9,24.7,40.1,33.1,16.2,48.1,2962,1300,0.7576230482,3.9,415.932,0.2097407,32.21562024,,-2.12,-1.69,-0.4887941216,36.9,6542,1970,4572,8653,2285,,,,,,,,,,,,,,,,,,,,104,961,355,898,224,381,136,223,162,119,49,123,0,0,24,0,0,20,16,168,5,14,13,0,25,92,23,74,47,186,69,0,0,0,0,0,774,249,86,24,149,108,92,123,189,224,246,418,126,135,377,291,154,77,221,160,126,72,72,13,0,0,0,
,,geoId/12045,Gulf County,49,14363,31085,46,194,32.6,25.4,33.7,9.7,21.4,32.6,25.4,17,54.3,1570,2729,0.8045245086,2.7,313.9,0.13507993,31.26810894,7,-1.72,0.59,-1.249962928,33.7,8884,3365,5519,11418,1023,,,,,,,,,,,,,,,,,,,,261,235,410,997,463,428,117,88,385,319,239,389,0,0,8,15,19,2,24,25,33,41,17,29,22,15,0,50,64,297,185,102,5,0,0,0,1095,38,23,12,42,57,27,27,189,94,98,227,140,117,296,133,485,256,465,459,483,135,135,129,137,38,23,
,,geoId/12047,Hamilton County,64,13993,21554,40.8,176,38.7,35,42.1,13.4,29.4,38.7,35,14.8,42,2504,941,0.8410436307,5,577.785,0.08494743,36.38636629,33,-2.76,-0.29,0.378928694,42.1,5627,1419,4208,8972,1997,,,,,,,,,,,,,,,,,,,,125,544,485,838,194,385,63,80,104,113,72,27,0,0,9,18,13,33,47,77,94,36,57,11,94,85,73,49,141,72,18,28,0,0,0,0,694,90,16,123,125,52,23,20,181,234,304,183,233,189,437,81,260,93,67,164,57,4,4,41,0,0,25,
,,geoId/12049,Hardee County,63,25425,24714,35.6,224,40.6,38.2,37,14,24.3,40.6,38.2,14.8,42.8,3940,1698,0.8202525471,4.5,1211.392,0.19220566,35.09471244,,-1.5,-1.94,-0.3664149632,37,9775,1743,8032,20769,3163,,,,,,,,,,,,,,,,,,,,47,364,546,1076,577,899,599,383,257,274,147,188,15,0,64,87,23,32,53,40,0,99,119,69,141,201,294,284,302,417,182,59,1,0,0,0,801,84,49,92,104,137,73,136,477,233,304,343,280,354,295,310,406,258,561,165,424,108,108,19,50,0,21,
,,geoId/12051,Hendry County,67,40313,23911,35.1,294,37.1,38.2,35.6,15.2,24.1,37.1,38.2,14.9,43.2,7692,2125,0.8111129379,5.1,2212.568,0.19653782,33.42071952,,-2.12,-1.8,-0.3958364479,35.6,14943,2122,12821,29640,9263,,,,,,,,,,,,,,,,,,,,182,612,947,1297,1271,1998,170,358,297,770,703,283,0,0,0,8,24,138,148,201,97,101,181,130,43,177,180,569,425,766,170,138,16,17,0,0,859,265,154,104,69,275,177,303,331,271,532,259,329,600,1149,428,1186,516,674,443,348,155,155,0,93,0,31,
,,geoId/12053,Hernando County,44,200638,27386,48.5,2785,35.9,27.2,34.9,10.1,21.5,35.9,27.2,16.2,53.2,15830,27894,0.8547327445,4.1,5060.64,0.20415114,32.55289336,,-2.82,-2.59,-0.1587055578,34.9,88431,10390,78041,165647,24629,,,,,,,,,,,,,,,,,,,,930,2327,5050,7182,11220,9110,5390,3550,6122,3693,4801,2345,0,56,78,116,98,59,161,147,232,216,127,474,235,393,679,1590,2147,3890,2574,1601,171,25,57,63,1051,581,704,566,646,556,625,437,1028,1157,1702,1787,2127,1632,4526,5691,7496,6482,9890,5648,5316,1785,1785,187,158,41,50,
,,geoId/12055,Highlands County,38,103296,26080,53.7,1699,39.1,29.6,38.3,11.5,21.2,39.1,29.6,15.7,51,10983,14640,0.8818682844,4.5,3377.101,0.19031219,34.28155621,36,-1.5,-1.87,-0.5525795724,38.3,57206,13229,43977,87630,12425,,,,,,,,,,,,,,,,,,,,618,3900,3432,7945,3931,4973,2019,1570,1037,1818,1625,826,0,9,14,167,121,128,102,293,302,220,417,391,657,672,711,1161,1129,1493,746,468,102,0,21,0,839,865,931,687,644,745,811,598,863,1138,1292,1384,1713,1112,3171,3240,3386,2419,3094,2529,1752,492,492,258,60,11,64,
,,geoId/12057,Hillsborough County,5,1478194,33479,37.6,10605,29.5,25.6,33,10.5,16.2,29.5,25.6,16.1,58.8,107589,353457,0.9508507918,3.1,35112.888,0.14795941,36.88634479,61,-1.5,-2.45,-0.2785789268,33,595841,48263,547578,1258161,173496,,,,,,,,,,,,,,,,,,,,5331,11425,18951,23185,37347,21365,25430,11338,37482,16818,88384,30350,131,118,746,1608,1338,938,1001,973,1493,1515,1945,3179,3429,4572,4767,11598,16956,49158,41033,46045,14388,3998,1580,1504,1259,4169,1779,1820,2367,1839,1685,1163,2659,2924,3006,3530,4437,4142,14446,14580,25077,21837,51123,46904,53939,25942,25942,7673,3613,1736,2212,
,,geoId/12059,Holmes County,63,19784,23224,41.7,245,36.5,31.5,37.6,11.7,27.1,36.5,31.5,16.5,43.2,2789,1364,0.8347479501,3.4,705.96,0.13882844,38.92003486,30,-1.72,2.44,-0.2253104289,37.6,8639,1644,6995,14586,3330,,,,,,,,,,,,,,,,,,,,399,715,770,2059,278,421,140,155,130,68,51,137,0,0,0,40,8,18,40,16,12,39,52,180,125,107,129,178,91,190,64,2,0,0,0,0,753,184,211,29,113,179,244,219,313,293,399,319,317,205,461,372,418,270,229,205,130,71,71,0,9,0,34,
,,geoId/12061,Indian River County,15,163662,31269,54.2,1986,32.3,24.2,34.8,9,19.5,32.3,24.2,15.9,59.7,10875,39249,0.9022715681,3.8,2451.79,0.17398492,26.90656605,30,-1.49,-1.24,-0.1242483944,34.8,82555,19178,63377,138292,18030,,,,,,,,,,,,,,,,,,,,433,1725,4761,5943,5358,3924,2744,2545,5174,3900,5422,8497,15,0,83,30,33,42,166,138,98,27,78,227,384,494,518,809,1832,3026,1541,1707,382,103,110,186,1086,564,313,354,343,281,531,131,419,799,479,727,1051,970,2527,2579,4338,3631,6151,6311,7502,3125,3125,1481,1044,223,871,
,,geoId/12063,Jackson County,33,47694,25477,42.3,641,35,31,39.7,12.8,24.5,35,31,16.1,50.9,5848,4641,0.8402207166,3.8,1522.5,0.13106562,39.19619644,,-1.72,2.28,-0.06725387071,39.7,20047,3188,16859,36238,4810,,,,,,,,,,,,,,,,,,,,410,1946,2469,3358,1261,1108,353,349,281,288,223,260,18,2,78,176,64,23,85,62,100,84,290,195,419,508,359,374,236,341,162,47,8,0,0,0,722,189,91,87,292,283,420,176,625,868,817,507,988,542,1391,547,1231,669,895,719,501,122,122,58,36,8,48,
,,geoId/12065,Jefferson County,58,14555,29563,47.2,175,35.4,27.9,37.1,11.2,22.8,35.4,27.9,15.9,51.7,1745,2320,0.7341516351,3.3,470.875,0.18734491,40.23152336,,-1.72,-0.15,-0.4235365511,37.1,6685,1291,5394,11811,1054,,,,,,,,,,,,,,,,,,,,60,199,398,825,453,660,165,240,283,459,211,168,0,47,0,61,16,0,33,21,56,12,105,91,138,28,28,87,86,137,80,18,0,0,0,0,679,108,87,33,88,40,109,23,84,173,273,253,148,42,392,158,367,248,391,253,377,266,266,41,14,0,8,
,,geoId/12067,Lafayette County,34,8382,26156,40.7,96,37.3,31.9,37.8,12.4,27.1,37.3,31.9,16.3,43.6,1577,437,0.7700539534,3.8,248.638,0.19172105,34.60524164,,-2.76,-0.36,-0.3019006792,37.8,3406,920,2486,6034,890,,,,,,,,,,,,,,,,,,,,53,123,104,603,453,236,3,85,85,123,18,29,0,21,0,15,0,14,0,3,7,18,46,0,86,12,0,28,3,91,2,37,0,0,0,0,689,64,42,20,36,31,53,206,87,83,16,78,120,100,224,310,104,55,160,71,28,6,6,0,0,0,0,
,,geoId/12069,Lake County,23,395804,30076,46.8,4364,35.5,26.2,35.5,10.6,18.8,35.5,26.2,15.7,56,26743,70206,0.8787833471,3.4,7631.472,0.19216587,34.97243491,35,-2.82,-1.94,0.1440077901,35.5,173636,24181,149455,332011,39555,,,,,,,,,,,,,,,,,,,,1479,6629,5732,10751,12774,10538,9750,5857,14355,8147,16966,9627,209,66,123,344,151,381,205,503,474,486,291,1041,459,841,1044,2227,2999,6920,5711,7163,2150,300,228,606,1203,1778,733,1382,1336,1377,1036,802,1961,2200,2133,2200,2128,1755,4973,5248,9560,7188,18479,15710,17193,6594,6594,868,387,198,418,
,,geoId/12071,Lee County,25,787976,31675,48.9,7500,27.9,23.8,32.1,9.6,17.3,27.9,23.8,17.2,63.9,58139,164805,0.8692461595,3.2,16349.004,0.19790253,30.07508547,44,-2.1,-2.28,-0.1271463937,32.1,410239,111896,298343,649669,98327,,,,,,,,,,,,,,,,,,,,2265,8890,9168,16086,21063,18349,15168,9331,22279,16195,42640,35323,11,23,171,378,249,735,412,383,439,604,569,543,947,1302,1612,3439,5938,17313,18459,17032,4631,1440,908,954,1307,2718,1080,1383,1265,1488,917,1070,1813,2345,2541,3176,3481,2630,7831,10902,17178,15167,32515,27056,35593,15855,15855,6016,3100,1277,1641,
,,geoId/12073,Leon County,1,292817,30573,31.6,2011,35,23.9,36.4,10.4,17.6,35,23.9,16.2,61.2,11864,82078,0.9544856159,3.3,6297.956,0.10193682,43.64545745,37,-1.72,0.27,-0.6248795223,36.4,132398,14721,117677,263887,23783,,,,,,,,,,,,,,,,,,,,1129,1576,4572,4692,7992,4579,5389,2412,7865,4674,12017,5070,65,46,192,260,228,369,439,317,511,521,1273,1011,1750,1838,1765,5615,6906,13858,9087,5754,1655,505,20,122,1071,354,429,210,354,419,385,102,405,723,668,1220,1376,1750,4159,4088,5852,4749,7997,7282,10093,4209,4209,749,449,77,189,
,,geoId/12075,Levy County,56,44158,23912,47.5,563,36.9,30.7,34.8,11.4,24.6,36.9,30.7,16.5,50.2,3877,4708,0.8262735974,3.7,1515.24,0.16515921,33.09663889,,-2.76,-0.3,-0.8369085016,34.8,20743,3495,17248,35301,6832,,,,,,,,,,,,,,,,,,,,177,617,2167,3425,1723,1857,415,611,859,480,680,725,0,0,18,54,63,75,26,69,115,358,103,164,127,236,386,342,161,439,46,47,10,0,0,0,751,160,99,155,248,111,480,324,579,729,594,629,709,409,1454,899,1247,557,1091,1199,1264,267,267,239,38,28,69,
,,geoId/12077,Liberty County,53,7900,23379,39.5,73,39.7,31.2,39.4,12,25.2,39.7,31.2,17,49.5,1323,774,0.7614390026,3.4,262.3,0.06117311,38.90044602,18,-1.72,0.81,-0.6151223094,39.4,3100,821,2279,5651,903,,,,,,,,,,,,,,,,,,,,89,453,236,343,138,144,36,85,56,37,88,91,0,0,0,0,9,4,0,11,15,19,29,43,3,12,23,58,32,29,0,42,0,0,0,0,792,67,72,36,48,95,82,51,64,80,110,106,22,48,168,57,189,65,134,91,131,37,37,11,4,10,0,
,,geoId/12079,Madison County,65,18288,22610,43.9,198,39.9,35.3,40.3,14.5,27.3,39.9,35.3,15.2,43.1,2629,1762,0.8892109668,3.4,667.08,0.20266231,37.77409214,,-2.76,-0.32,-0.1104939742,40.3,8345,1904,6441,14074,1956,,,,,,,,,,,,,,,,,,,,385,693,672,1009,408,502,191,94,115,179,311,70,0,0,15,46,26,0,34,18,85,153,72,38,156,118,63,179,155,166,45,0,0,0,41,0,726,129,20,122,135,210,124,162,187,237,428,435,139,112,300,215,292,180,325,282,322,74,74,15,0,47,12,
,,geoId/12081,Manatee County,19,412703,32639,49,4041,31.1,23.8,35,9.6,17.7,31.1,23.8,16,59.9,28955,95733,0.9195955264,3.4,6981.9,0.18261348,29.67512282,40,-1.5,-2.12,-0.2803480989,35,202950,46696,156254,344693,46949,,,,,,,,,,,,,,,,,,,,1214,7156,5750,10888,10164,8345,7800,5043,11638,7542,24428,16589,11,75,76,155,220,79,80,179,352,365,386,437,580,540,912,1482,3385,9257,5826,9802,2614,873,259,332,1274,2520,796,789,945,835,1029,773,1805,1669,1753,1687,2393,2162,5349,3532,6183,5915,12918,15101,20178,11370,11370,3082,1728,562,681,
,,geoId/12083,Marion County,39,385915,27359,48.3,5115,38.2,27.9,37.7,10.1,20.8,38.2,27.9,15.8,50.6,32053,59174,0.9161962737,3.8,10322.655,0.17597907,35.80932089,31,-2.82,-1.33,0.05113065546,37.7,175486,24606,150880,319120,43031,,,,,,,,,,,,,,,,,,,,1170,4257,9766,15531,19079,15654,9431,6122,9515,8232,9630,6508,52,63,62,206,188,551,166,402,499,563,668,1212,1570,1462,1463,3358,4340,8575,4568,2367,312,213,0,186,993,1356,1508,1273,1593,1323,1640,767,2988,3280,3691,3726,4357,3146,11437,9949,13176,7351,15123,10335,8473,3331,3331,996,524,74,459,
,,geoId/12085,Martin County,11,159942,34308,52.9,2002,28.7,21.7,34.5,8.5,17.1,28.7,21.7,17.6,63.8,9692,42027,0.8713974089,3,2697.75,0.22688008,27.11652407,33,-2.44,-1.76,-0.1077612671,34.5,81069,14961,66108,139869,15531,,,,,,,,,,,,,,,,,,,,612,2328,1987,4754,2915,4170,2503,2151,4108,4774,12071,9983,12,15,41,87,42,60,191,60,7,160,192,96,166,235,411,981,1423,2725,2376,2265,653,274,131,416,1214,458,279,267,315,368,268,185,795,659,523,677,949,754,2105,1932,2813,2503,5386,4333,9145,6186,6186,2025,1155,398,1026,
,,geoId/12086,Miami-Dade County,42,2662777,27523,40.4,20703,30.1,33.2,37.5,13,14.9,30.1,33.2,13.9,56.8,335701,608670,0.9230637717,1.6,80462,0.16400528,31.58252544,2,-2.39,-0.49,-0.08015216353,37.5,1064991,128640,936351,2251402,416532,,,,,,,,,,,,,,,,,,,,6933,7584,22391,22335,32162,29053,26663,20265,52902,33112,155149,77469,548,495,2601,9161,5247,2974,3204,2092,2418,2805,3082,3088,3331,4820,4917,13193,18382,67237,78743,118963,55431,19133,8723,7252,1470,4119,672,879,1079,1289,1209,827,1642,1394,2259,2521,3343,3631,12152,12258,23344,19795,50858,62451,113616,65307,65307,18872,12482,5770,9696,
,,geoId/12087,Monroe County,24,82170,37373,48,760,30.4,22.9,34.4,9.2,16.3,30.4,22.9,19.5,64.3,5113,23001,0.8552913595,2,1270.976,0.18087526,18.32854693,28,-2.14,-1.08,-0.2800093739,34.4,53699,20056,33643,66518,13611,,,,,,,,,,,,,,,,,,,,120,410,166,352,613,1450,594,896,1774,2139,6296,5793,0,18,13,53,196,123,74,59,39,61,58,39,165,125,64,209,464,937,1775,2964,2424,1035,800,594,1782,147,61,53,32,49,40,7,37,91,43,53,34,99,208,54,301,232,451,893,2404,2555,2555,3658,1863,839,982,
,,geoId/12089,Nassau County,16,94189,35565,46.1,937,30.5,21.5,31.7,8.7,17.8,30.5,21.5,17.7,60.2,5563,20796,0.8167096347,3,1913.376,0.26347823,30.94852557,30,-2.76,0.06,0.276732349,31.7,40787,6096,34691,79041,8530,,,,,,,,,,,,,,,,,,,,490,532,2279,2242,3493,2084,2607,1119,3179,1158,5962,3278,0,0,13,17,92,16,54,27,83,132,16,245,226,101,226,641,847,671,724,1281,213,43,13,69,1052,109,155,201,63,76,79,127,106,341,270,396,531,380,1275,904,2382,1524,4338,3387,4993,2212,2212,951,497,162,125,
,,geoId/12091,Okaloosa County,13,213255,33626,36.9,1860,31.6,22.8,35.4,9.1,17.9,31.6,22.8,16.8,60.6,10222,47693,0.8318869212,2.8,4143.672,0.245479,34.42124983,61,-1.72,1.5,-0.1480030259,35.4,100401,18616,81785,171350,23268,,,,,,,,,,,,,,,,,,,,1340,1379,4915,4566,9301,4666,5949,2340,5678,3203,6866,3474,36,16,34,154,149,289,84,93,138,354,303,243,221,857,557,2242,1481,6660,4310,5965,1707,600,79,48,1227,676,111,242,252,374,186,128,356,299,344,455,869,779,2337,3121,4596,3556,8431,7442,8426,4656,4656,1121,556,306,425,
,,geoId/12093,Okeechobee County,48,40266,25625,40.6,497,33.9,32.8,35.1,11.4,23.7,33.9,32.8,15.4,50.1,5457,4684,0.8415302467,3.4,1516.352,0.16768215,32.0710132,,-1.57,-1.42,-0.6948880739,35.1,18465,3671,14794,30590,6096,,,,,,,,,,,,,,,,,,,,203,877,874,2000,1676,1669,633,508,893,485,636,319,0,0,64,31,55,73,20,14,94,128,51,239,165,252,216,451,373,625,266,342,0,0,68,0,880,384,251,146,123,171,203,81,361,291,437,759,841,375,943,687,1377,517,719,818,823,231,231,0,39,7,6,
,,geoId/12095,Orange County,6,1422746,30640,35.7,8217,30.4,25.7,35.3,10.9,15.9,30.4,25.7,14.1,55.3,100495,340640,0.9193032201,3,33592.248,0.15312981,36.87711375,37,-2.82,-1.46,0.3308743108,35.3,554517,79225,475292,1213167,185909,,,,,,,,,,,,,,,,,,,,4581,7986,15588,14513,28287,12822,23174,9757,38252,13748,74801,25252,32,116,397,789,835,592,573,779,785,757,1012,1443,1585,2088,2902,8479,12928,42873,43537,55362,17117,4610,1034,1009,1375,2963,1164,1200,1613,1186,1477,916,1664,1891,1821,2420,2718,2531,10641,9051,16584,14482,39804,37667,57429,24075,24075,5645,3592,1335,2921,
,,geoId/12097,Osceola County,46,403282,25997,36.3,2412,35.4,32.6,35.4,12.4,17,35.4,32.6,15,51.1,33743,61263,0.887064163,3.6,8874.126,0.14787988,35.66427343,35,-1.5,-1.11,0.1212935269,35.4,150567,40411,110156,328767,50127,,,,,,,,,,,,,,,,,,,,1783,3304,4229,3641,10589,4787,8360,2595,10322,3616,13811,5671,0,0,0,165,27,183,122,117,56,219,194,390,331,406,411,1471,2805,7632,8808,10572,1736,263,81,91,1350,1168,403,560,371,641,352,96,482,669,568,602,362,620,2451,2681,5997,5996,15923,13133,12533,3145,3145,510,395,72,281,
,,geoId/12099,Palm Beach County,14,1497987,33720,45,14999,27.5,24.2,35.3,10,16.3,27.5,24.2,15.5,63.1,118849,412857,0.9312099581,3.2,29079.2,0.18180892,28.02116051,31,-2.34,-0.36,-0.01709203821,35.3,702877,121758,581119,1266628,202404,,,,,,,,,,,,,,,,,,,,3076,8211,12937,24507,24511,30333,18827,13753,40238,26220,116355,84485,78,154,428,845,695,545,676,644,1002,786,1193,1645,1624,1741,1958,4875,6412,25584,30922,52299,20981,8203,3597,3901,1534,3919,1723,1351,1289,1636,1850,1224,3351,4183,4940,4463,5306,5157,15034,13035,20684,17201,39387,43314,76199,49044,49044,15804,9003,4553,9899,
,,geoId/12101,Pasco County,21,584067,30610,44.1,6194,31.6,25.9,34.8,9.9,21.5,31.6,25.9,17,54.9,38259,104300,0.8907471014,3.5,12029.388,0.19429952,32.56792369,47,-2.82,-2.58,-0.2783636632,34.8,253685,36367,217318,483463,62328,,,,,,,,,,,,,,,,,,,,2351,8708,13741,22704,18538,14790,10859,6976,15884,8176,27527,9881,49,53,120,236,226,235,476,400,512,477,700,877,1203,1462,2481,3729,4999,13630,9034,8865,3506,760,295,78,1164,2440,1826,2108,2085,1960,1564,1398,3324,4287,5055,4831,5209,3884,10202,9955,12548,10253,22208,17421,21518,7879,7879,1297,594,124,226,
,,geoId/12103,Pinellas County,9,956615,33094,48.5,12079,27.5,23.1,33.7,9.1,18.7,27.5,23.1,17.4,55.9,58225,252931,0.9307644036,3,17330.356,0.13380938,31.78647834,43,-1.5,-3.09,-0.3561584253,33.7,514666,98936,415730,841600,104013,,,,,,,,,,,,,,,,,,,,4890,15475,21121,33159,27705,24843,17428,12906,29052,17219,50396,31203,39,140,185,1085,730,880,560,759,852,992,1619,1735,1814,2336,2407,8330,9900,29993,24155,24333,7411,2649,1479,1231,1237,5369,2655,2837,2138,2213,2035,2073,3910,3891,4234,5808,6215,4268,14219,13280,22775,17572,35457,31938,43007,22139,22139,7492,4803,1539,1957,
,,geoId/12105,Polk County,37,753520,28251,40.1,6966,36.3,28.2,34.7,11.3,19.6,36.3,28.2,15.3,52.4,67511,103948,0.8947586016,3.9,19416.675,0.17486874,36.27457761,46,-1.5,-1.46,-0.2451192184,34.7,311599,58421,253178,612775,92169,,,,,,,,,,,,,,,,,,,,3800,13243,17060,24514,24284,18798,13807,6237,18788,8416,17147,8944,9,54,144,384,377,714,532,991,775,1101,1680,2291,2193,2552,2527,7223,7779,15778,10987,12288,2677,658,118,128,1090,3749,1702,3320,2385,2589,2584,1655,4539,4602,4558,4653,5392,3904,12754,10557,16913,14507,28432,18544,14438,6878,6878,1364,621,208,389,
,,geoId/12107,Putnam County,59,74167,22911,45.1,1025,36.6,33,39.7,12.1,27.1,36.6,33,16.2,44.3,9495,6673,0.8273992267,4.3,3119.271,0.14922534,33.81828904,19,-2.76,-0.62,0.5138419989,39.7,36133,6959,29174,59859,12308,,,,,,,,,,,,,,,,,,,,260,735,1854,4829,3698,3188,1458,1108,913,1033,866,1018,39,0,21,217,182,305,141,301,173,716,246,417,410,420,532,1009,927,940,122,113,9,0,0,0,753,192,495,312,521,755,517,431,1013,1060,1202,1408,924,839,1808,1833,2082,981,1396,1046,1216,481,481,67,155,0,13,
,,geoId/12109,St. Johns County,4,292466,40386,43.8,2018,24.6,18.2,31,8,14.8,24.6,18.2,18.2,64.4,10023,86951,0.9147684974,2.8,3553.8,0.26692328,29.99995668,38,-2.76,-0.52,0.8719888332,31,115442,19802,95640,243093,20957,,,,,,,,,,,,,,,,,,,,767,1106,3506,3319,6046,3294,4381,2078,9876,4622,27469,11497,16,3,20,4,20,17,65,43,100,142,69,107,221,404,317,1083,986,2469,2713,4409,2053,721,577,216,1462,494,123,103,46,241,184,125,595,254,311,317,710,591,1666,1452,3614,2483,7669,9571,17545,12944,12944,3509,1934,602,1015,
,,geoId/12111,St. Lucie County,47,343579,30156,45.3,3266,35.2,29.1,37,10.4,19.2,35.2,29.1,15.8,55.5,27918,57367,0.8653717223,3.7,6640.345,0.19710274,27.66219983,27,-1.5,-1.45,-0.3148703039,37,146077,23891,122186,280730,41364,,,,,,,,,,,,,,,,,,,,1441,3355,2834,6844,8280,7281,7069,4405,12677,5608,19356,13531,10,11,3,290,87,221,127,120,100,253,212,425,214,1070,669,1299,2623,5931,4443,8523,1554,82,89,117,1282,1246,918,583,724,544,361,392,772,747,534,1503,1916,1220,4580,4107,8680,6596,17623,15522,14304,5255,5255,731,235,122,239,
,,geoId/12113,Santa Rosa County,22,193998,35024,40.1,1527,30.6,26,34.8,9.1,20.3,30.6,26,16.8,58.4,9992,37741,0.837892826,3.1,3066.644,0.27463728,35.11265945,31,-1.72,1.15,-0.2660669384,34.8,74878,7344,67534,154241,20026,,,,,,,,,,,,,,,,,,,,1652,1519,5353,5014,9735,4658,5616,2107,6782,2178,5555,2597,0,0,80,122,44,116,54,48,43,174,159,147,332,278,521,778,1540,2675,1921,3943,552,204,137,91,1238,381,61,134,365,227,316,191,689,566,812,1088,992,993,2913,2962,3796,4458,8554,8018,7665,3081,3081,841,215,103,91,
,,geoId/12115,Sarasota County,8,447057,35593,56.5,5644,26.6,20.5,35.2,7.9,15.9,26.6,20.5,18.1,66.4,21710,128266,0.8917462689,3.2,6253,0.20064955,29.42457898,45,-1.5,-2.57,-0.3733605321,35.2,249418,55495,193923,380058,45499,,,,,,,,,,,,,,,,,,,,680,4702,3718,6458,14723,14485,9482,9704,15640,14469,25380,27713,37,89,56,168,152,71,182,199,123,278,241,605,472,738,872,1586,2219,7858,8777,10973,3911,1180,1067,1590,1415,863,570,641,857,864,540,624,992,895,476,1310,1423,1397,4549,5854,9934,8669,20117,18048,26717,13697,13697,5754,3061,1644,2362,
,,geoId/12117,Seminole County,2,470093,35948,39.5,3602,30.1,23,34.3,9.3,14.3,30.1,23,17.2,62,19249,138702,0.9001949969,3,7872.735,0.16699517,35.68759414,31,-2.82,-2.64,0.5189750042,34.3,192725,11834,180891,419981,44383,,,,,,,,,,,,,,,,,,,,3523,1773,6751,7578,13806,7160,12650,5485,17845,6562,26809,9450,9,47,43,137,73,103,41,286,65,307,142,136,459,545,664,1813,3060,13047,15328,17527,3843,1255,638,434,1397,728,316,392,452,366,443,193,515,984,799,1005,1267,1102,4092,4009,7353,7187,16558,19830,26880,12493,12493,2420,827,245,295,
,,geoId/12119,Sumter County,31,135638,31800,68.1,1927,33.9,21.3,33.7,9,17.5,33.9,21.3,18,61,8925,37682,0.8395757744,4.4,2410.68,0.28887383,36.34391923,,-2.82,-2.08,-0.005312524164,33.7,73998,12557,61441,111617,6734,,,,,,,,,,,,,,,,,,,,364,1799,2746,4565,2462,3474,2360,3076,4371,6454,9773,12057,28,0,68,74,100,24,25,283,60,203,276,252,133,99,160,869,509,1522,395,750,264,22,340,536,1055,387,463,341,338,393,334,384,501,703,550,325,728,357,1646,1033,1763,2213,9078,8664,11515,5028,5028,1195,213,0,68,
,,geoId/12121,Suwannee County,36,44485,24363,43,611,35.6,29.2,37.7,10.6,24.3,35.6,29.2,16.4,47,5264,4918,0.8571618121,3.7,1061.4,0.16193635,35.77819107,,-2.76,-0.41,0.2515607018,37.7,18891,3793,15098,36674,5479,,,,,,,,,,,,,,,,,,,,361,656,1320,2613,1709,1901,707,524,377,343,315,282,0,0,74,30,272,110,10,0,153,160,69,309,76,213,364,569,186,238,4,163,23,0,0,20,756,62,124,453,127,376,389,127,475,642,572,598,492,348,1063,961,1039,519,1123,711,659,132,132,41,0,0,4,
,,geoId/12123,Taylor County,51,21815,25076,43.5,238,37.3,32.3,41,11.5,26,37.3,32.3,15.5,45.7,2846,1908,0.8373683284,4.1,756.026,0.20273384,34.72583525,,-2.76,-0.51,-0.2866023278,41,11078,3808,7270,16776,1514,,,,,,,,,,,,,,,,,,,,524,828,602,1748,324,485,174,189,260,120,244,111,0,10,41,25,1,4,78,35,25,0,75,169,27,20,100,153,179,216,0,25,0,0,0,0,791,112,261,92,242,108,103,227,439,497,299,420,301,126,357,415,326,226,335,386,131,64,64,28,19,0,15,
,,geoId/12125,Union County,32,16335,26245,39.2,240,35.9,31.7,40.1,12.2,26.4,35.9,31.7,17.5,44.3,2670,1292,0.8076369798,3.2,400.112,0.03788037,35.23037839,,-2.76,0.01,0.6381436954,40.1,4678,614,4064,9327,1033,,,,,,,,,,,,,,,,,,,,141,93,399,792,614,255,137,46,112,95,53,54,6,19,30,8,32,33,58,2,51,25,10,50,108,71,85,100,55,209,84,3,0,0,0,0,760,2,0,65,24,59,29,23,45,324,48,166,217,148,279,141,267,134,264,301,234,8,8,0,0,0,0,
,,geoId/12127,Volusia County,30,564412,30388,46.4,7448,35.1,25.9,35.8,10.2,20,35.1,25.9,17.7,53,36146,103599,0.870496759,3.4,11856.936,0.1698757,31.48469761,33,-2.79,-2,0.5871333055,35.8,270402,41833,228569,479825,63245,,,,,,,,,,,,,,,,,,,,2441,10277,10748,13623,23603,16875,11141,7349,17100,9224,25132,15950,43,35,288,228,569,312,437,676,377,394,1189,1377,856,1207,1375,5016,6469,16952,11356,8590,2565,892,342,270,1148,2592,1177,1194,1292,936,1007,1030,2091,1886,2339,2558,3040,2935,9047,11094,16777,13693,27383,21946,21502,8305,8305,2023,770,434,504,
,,geoId/12129,Wakulla County,27,34690,36765,42.6,284,33,26,36.7,9.4,21.1,33,26,17.4,56.9,2849,4816,0.8190863546,2.9,392.592,0.13224707,38.4787079,1,-1.72,-0.01,-0.6446156834,36.7,13537,2271,11266,27920,2021,,,,,,,,,,,,,,,,,,,,212,236,1161,1206,1481,1097,986,508,1253,672,378,226,0,0,0,0,0,45,0,38,11,2,17,29,96,75,38,151,425,320,290,85,47,0,0,0,978,149,29,59,67,62,164,71,128,87,170,299,289,324,811,877,963,539,1394,1347,1042,272,272,100,3,0,0,
,,geoId/12131,Walton County,20,80069,32436,44.3,668,29.5,24.6,36.5,9.4,19.1,29.5,24.6,17.5,59.2,4753,17597,0.8256750657,3,1944.723,0.2125934,35.02734345,,-1.72,1.86,-0.4086869076,36.5,54894,24712,30182,62150,9492,,,,,,,,,,,,,,,,,,,,835,696,3610,3815,2204,1580,1923,546,1771,721,3470,1948,0,0,0,51,104,50,113,149,36,121,59,415,144,158,331,571,524,763,825,914,479,654,30,8,1139,422,202,118,85,140,251,208,316,423,867,614,619,442,956,1155,936,755,2274,1582,3736,1875,1875,1133,632,177,313,
,,geoId/12133,Washington County,60,25436,23993,41.4,326,36.8,31.1,39.8,12.4,,,,,,,,,,,,,,,,,,,,,18772,,,,,,,,,,,,,,,,,,,,,229,810,1267,2194,876,647,207,140,272,162,151,135,0,0,0,0,2,135,35,46,0,50,152,141,74,152,25,167,138,275,8,15,0,0,0,0,724,78,114,175,125,187,145,72,146,316,256,317,485,242,891,524,580,481,509,498,439,291,291,11,5,0,18,